emp_id,name,age,email,department,salary,experience
1,Daren Philipps,20,dphilipps0@godaddy.com,Research and Development,680084,18
2,Aube Cabral,43,acabral1@nyu.edu,Support,632217,12
3,Charin Labbet,40,clabbet2@reddit.com,Product Management,553851,20
4,Lucilia Ivory,43,livory3@163.com,Services,142611,11
5,Zechariah Ferry,53,zferry4@squidoo.com,Services,927624,1
6,Nonnah Fogden,47,nfogden5@bizjournals.com,Business Development,28288,20
7,Ashlin Bedding,52,abedding6@state.tx.us,Accounting,310917,8
8,Earvin Kraut,41,ekraut7@cornell.edu,Sales,869548,6
9,Tiphany Measor,26,tmeasor8@constantcontact.com,Business Development,496243,15
10,Brucie Ruggs,31,bruggs9@indiatimes.com,Accounting,288688,3
11,Lonnie Swetmore,30,lswetmorea@oaic.gov.au,Services,411271,16
12,Sybilla Kirwin,54,skirwinb@mac.com,Training,278963,20
13,Giusto Izachik,24,gizachikc@hc360.com,Human Resources,341901,11
14,Si Thowless,60,sthowlessd@seesaa.net,Marketing,908867,2
15,Dedra Sarle,60,dsarlee@vistaprint.com,Services,102632,15
16,Cynthy Greenin,25,cgreeninf@statcounter.com,Sales,956361,8
17,Nye MacKim,18,nmackimg@cam.ac.uk,Research and Development,867544,12
18,Darius Hames,40,dhamesh@sitemeter.com,Accounting,609929,19
19,Anjela Hanson,20,ahansoni@taobao.com,Training,106047,13
20,Hettie Iannini,22,hianninij@tumblr.com,Accounting,685974,14
21,Melany Drayson,52,mdraysonk@wikimedia.org,Services,826972,13
22,Torrance Foreman,60,tforemanl@ucsd.edu,Research and Development,247509,18
23,Francois Addey,33,faddeym@unblog.fr,Legal,431067,10
24,Emlynne Keary,21,ekearyn@over-blog.com,Sales,996616,17
25,Korney Slane,33,kslaneo@cargocollective.com,Training,629115,17
26,Phedra Irving,35,pirvingp@bizjournals.com,Sales,626195,8
27,Suzi Boyton,30,sboytonq@amazonaws.com,Accounting,751945,16
28,Tawnya Hildred,44,thildredr@gizmodo.com,Legal,256413,15
29,Phillie Iacovielli,59,piacoviellis@amazon.com,Marketing,289153,10
30,Mathew Exley,28,mexleyt@discovery.com,Training,817825,16
31,Brocky Emmitt,60,bemmittu@opera.com,Support,460647,9
32,Heinrick Mahmood,30,hmahmoodv@google.com.br,Legal,830879,15
33,Cammy Redemile,35,credemilew@netlog.com,Support,841927,20
34,Odie Asquith,35,oasquithx@nhs.uk,Human Resources,877198,8
35,Helaina Meadowcraft,18,hmeadowcrafty@cloudflare.com,Business Development,12152,14
36,Alice Merrell,20,amerrellz@wisc.edu,Legal,302230,2
37,Annette Baline,54,abaline10@craigslist.org,Training,877554,8
38,Bradley Shephard,21,bshephard11@yellowpages.com,Business Development,265450,3
39,Carlin Del Monte,34,cdel12@google.co.uk,Services,577500,11
40,Phillipp Horsley,22,phorsley13@abc.net.au,Legal,507882,5
41,Richard Fearnyhough,43,rfearnyhough14@canalblog.com,Engineering,371557,16
42,Bianca Robertz,30,brobertz15@themeforest.net,Accounting,170520,17
43,Saudra Boldt,40,sboldt16@soundcloud.com,Accounting,815253,7
44,Flinn Algie,60,falgie17@godaddy.com,Legal,942337,8
45,Leland Pecha,39,lpecha18@umich.edu,Business Development,805894,15
46,Randie McIlvenna,49,rmcilvenna19@altervista.org,Product Management,746717,14
47,Esteban McFeate,54,emcfeate1a@live.com,Support,714347,6
48,Denice Antonopoulos,52,dantonopoulos1b@arizona.edu,Accounting,451786,7
49,Elly Davitt,34,edavitt1c@marketwatch.com,Human Resources,574264,12
50,Aurora Loft,42,aloft1d@exblog.jp,Accounting,723449,4
51,Iain Vanichev,57,ivanichev1e@virginia.edu,Human Resources,841007,18
52,Sig Kloss,57,skloss1f@e-recht24.de,Accounting,198677,13
53,Lacee Casajuana,27,lcasajuana1g@hhs.gov,Accounting,242490,16
54,Doti Geistmann,19,dgeistmann1h@telegraph.co.uk,Marketing,708664,3
55,Lorens Kerridge,45,lkerridge1i@odnoklassniki.ru,Human Resources,266670,16
56,Emilie St Ledger,24,est1j@cocolog-nifty.com,Services,424405,11
57,Morganica Popple,32,mpopple1k@house.gov,Accounting,403165,17
58,Terence Harman,22,tharman1l@loc.gov,Business Development,251868,2
59,Anna Onions,38,aonions1m@archive.org,Research and Development,636457,1
60,Dotti Labet,57,dlabet1n@upenn.edu,Marketing,386510,20
61,Noland Johnson,46,njohnson1o@europa.eu,Engineering,136732,14
62,Steven Jays,29,sjays1p@w3.org,Legal,231870,15
63,Zenia MacGilrewy,49,zmacgilrewy1q@google.co.jp,Marketing,233033,14
64,Laureen Shearsby,59,lshearsby1r@51.la,Support,746771,6
65,Husain Grastye,60,hgrastye1s@narod.ru,Business Development,947332,6
66,Joelynn Guiden,25,jguiden1t@weibo.com,Services,163606,11
67,Mab Solly,41,msolly1u@gnu.org,Marketing,220736,20
68,Niels Davidove,59,ndavidove1v@ebay.co.uk,Product Management,792320,10
69,Cristal Berlin,30,cberlin1w@statcounter.com,Product Management,139287,5
70,Booth Hehir,56,bhehir1x@ezinearticles.com,Marketing,989818,11
71,Carlene Cropper,45,ccropper1y@wordpress.com,Business Development,976939,18
72,Kerk Chazette,40,kchazette1z@wired.com,Services,611639,12
73,Heath Radbone,33,hradbone20@wix.com,Accounting,122884,1
74,Sherri Hofner,55,shofner21@bbb.org,Sales,147170,12
75,Mead Dellar,37,mdellar22@toplist.cz,Product Management,630784,15
76,Mark Drieu,44,mdrieu23@fc2.com,Engineering,260147,11
77,Hildagarde Swayte,29,hswayte24@youtu.be,Legal,374071,20
78,Rouvin Blann,56,rblann25@booking.com,Training,606185,20
79,Sandy Glentz,36,sglentz26@salon.com,Engineering,177039,17
80,Joey Ossipenko,48,jossipenko27@github.com,Product Management,309690,17
81,Phillis Langeley,29,plangeley28@imgur.com,Product Management,760705,18
82,Dianna Winger,26,dwinger29@hud.gov,Human Resources,830935,19
83,Fletcher Schultz,55,fschultz2a@netscape.com,Training,151446,10
84,Clementine Anthoney,44,canthoney2b@amazonaws.com,Sales,730693,12
85,Britte Becker,41,bbecker2c@ucoz.ru,Services,39877,15
86,Vitoria Coller,40,vcoller2d@irs.gov,Services,790440,12
87,Carolyne Castelin,45,ccastelin2e@goodreads.com,Support,962655,13
88,Renee Vivien,49,rvivien2f@nba.com,Sales,840427,2
89,Konstantine Flello,23,kflello2g@nyu.edu,Support,540659,13
90,Baxie Copin,19,bcopin2h@theatlantic.com,Sales,862563,16
91,Austine Jimenez,58,ajimenez2i@flickr.com,Engineering,796605,1
92,Fabiano Yeoland,25,fyeoland2j@ehow.com,Research and Development,596168,11
93,Janette Royce,56,jroyce2k@yale.edu,Research and Development,164656,5
94,Daryn Fancourt,26,dfancourt2l@ihg.com,Engineering,835912,6
95,Hobart Dingivan,51,hdingivan2m@ning.com,Business Development,121589,6
96,Enrika Woollons,44,ewoollons2n@networkadvertising.org,Engineering,413296,4
97,Rowe D'Ambrogi,57,rdambrogi2o@sphinn.com,Business Development,255583,5
98,Ashlin Kenrat,34,akenrat2p@aboutads.info,Engineering,72268,4
99,Fonsie Parlor,33,fparlor2q@godaddy.com,Human Resources,49373,8
100,Randi Pucker,43,rpucker2r@diigo.com,Marketing,51941,12
